ID,名称,经度,纬度,高度,备注
1,火星科技,117.133412,31.838478,42.7,其他字段可任意加
2,国防科技大学,117.231594,31.845047,,
